Amateur,Fishing,Pet,Photography,Pottery,Other,
Business,Entrepreneurship,Investment,Other,,,
Career,Interview,Job position,Resume,Other,,
Fashion,Beauty,Fashion look,Hair style,Other,,
Fitness,Diet,Outdoor,Personal training,Equipment,Other,
Food,Baking,Grilling,Wining,Kitchenware,Other,
Health,First-aid,Mental health,Meditation,OTC,Physio therapy,Other
Housing,Gardening,Hardware,House design,Plumbing,Other,
Law,Civil law,Family law,Immigration,Traffic law,Tax,Other
Motherhood,Nursing,Baby sleep,Nutrition,Baby health,Other,
Travel,Local practices,Restaurants,Ticketing,Visa,Other,